Gene_set	Term	Overlap	P-value	Adjusted P-value	Old P-value	Old Adjusted P-value	Odds Ratio	Combined Score	Genes
GO_Biological_Process_2021	cilium movement (GO:0003341)	23/52	8.207435269752499e-17	2.6370489521714777e-13	0	0	15.400169413757808	570.4054287980007	ODAD1;CFAP61;SPAG17;DNAI2;DNAH11;CFAP73;SPEF1;DNAAF1;CCDC103;DNAH5;DNAAF6;DNAH9;RSPH9;TTC29;CFAP251;TEKT1;TEKT2;TEKT3;ROPN1L;TEKT4;SPA17;CFAP53;DNAI1
GO_Biological_Process_2021	neutrophil degranulation (GO:0043312)	67/481	2.444400601330508e-14	3.9251342866379725e-11	0	0	3.22387912867432	101.0440813542902	SERPINA1;SIGLEC9;B4GALT1;ITGB2;CTSZ;SRP14;ABCA13;FCAR;CTSS;PYCARD;GLIPR1;PLAU;FTH1;C3AR1;ITGAX;OLR1;CTSH;CD36;B2M;CD33;CTSB;CD53;FCER1G;ANXA2;CD300A;RNASET2;SLC11A1;HLA-B;PLAUR;HLA-C;CYBB;CYBA;AMPD3;DYNLL1;TNFRSF1B;VAMP8;RAB31;TYROBP;SLPI;LRRC7;NPC2;PADI2;FTL;TLR2;CFD;GRN;GSTP1;FGL2;C5AR1;FPR1;GPR84;C3;ALOX5;CD14;CD58;S100A11;ATP8B4;SIGLEC14;LYZ;TUBB4B;NFKB1;BST2;FCGR2A;MNDA;PTPN6;CD68;GLA
GO_Biological_Process_2021	neutrophil activation involved in immune response (GO:0002283)	67/485	3.664924637383728e-14	3.9251342866379725e-11	0	0	3.1923414206372405	98.7626908876089	SERPINA1;SIGLEC9;B4GALT1;ITGB2;CTSZ;SRP14;ABCA13;FCAR;CTSS;PYCARD;GLIPR1;PLAU;FTH1;C3AR1;ITGAX;OLR1;CTSH;CD36;B2M;CD33;CTSB;CD53;FCER1G;ANXA2;CD300A;RNASET2;SLC11A1;HLA-B;PLAUR;HLA-C;CYBB;CYBA;AMPD3;DYNLL1;TNFRSF1B;VAMP8;RAB31;TYROBP;SLPI;LRRC7;NPC2;PADI2;FTL;TLR2;CFD;GRN;GSTP1;FGL2;C5AR1;FPR1;GPR84;C3;ALOX5;CD14;CD58;S100A11;ATP8B4;SIGLEC14;LYZ;TUBB4B;NFKB1;BST2;FCGR2A;MNDA;PTPN6;CD68;GLA
GO_Biological_Process_2021	neutrophil mediated immunity (GO:0002446)	67/488	4.948483730936941e-14	3.974869556875098e-11	0	0	3.1690814245671386	97.0914964862388	SERPINA1;SIGLEC9;B4GALT1;ITGB2;CTSZ;SRP14;ABCA13;FCAR;CTSS;PYCARD;GLIPR1;PLAU;FTH1;C3AR1;ITGAX;OLR1;CTSH;CD36;B2M;CD33;CTSB;CD53;FCER1G;ANXA2;CD300A;RNASET2;SLC11A1;HLA-B;PLAUR;HLA-C;CYBB;CYBA;AMPD3;DYNLL1;TNFRSF1B;VAMP8;RAB31;TYROBP;SLPI;LRRC7;NPC2;PADI2;FTL;TLR2;CFD;GRN;GSTP1;FGL2;C5AR1;FPR1;GPR84;C3;ALOX5;CD14;CD58;S100A11;ATP8B4;SIGLEC14;LYZ;TUBB4B;NFKB1;BST2;FCGR2A;MNDA;PTPN6;CD68;GLA
GO_Biological_Process_2021	cytokine-mediated signaling pathway (GO:0019221)	77/621	1.4719739251059938e-13	9.285022947409658e-11	0	0	2.830268943980626	83.62596187293514	CD86;CDKN1A;CIITA;IL1RN;PLVAP;SPI1;CSF3R;CXCL8;CD80;ITGB2;IL5RA;IL1RAP;IFI30;TNF;ICAM1;PYCARD;TMSB4X;ITGAX;CD36;JUNB;B2M;HLA-DPA1;IL10;FCER1G;ANXA2;MMP2;HLA-B;IL18;HLA-C;IL16;TRAF1;OPRM1;TNFRSF1B;HLA-E;IL1A;IL1B;PELI1;IRF6;HLA-DQB2;HLA-DQB1;CSF1R;CEBPD;EBI3;FPR1;PDGFB;PTGS2;CSF2RA;CCL8;IRAK2;ALOX5;CCL5;CCL4;UBC;CCL3;HMOX1;CCL2;FCGR1A;GBP2;HLA-DQA2;HLA-DQA1;CCR1;TNFSF18;HLA-DRB5;CCL20;TNFSF13;OSM;LILRB4;NFKB1;BST2;NFKBIA;CD4;IL2RA;HLA-DPB1;TNFSF9;HLA-DRA;PTPN6;HLA-DRB1
GO_Biological_Process_2021	cellular response to interferon-gamma (GO:0071346)	30/121	1.7338978426535311e-13	9.285022947409658e-11	0	0	6.426532230655942	188.8323019265025	CIITA;IFI30;AIF1;ICAM1;CCL8;CCL5;CCL4;CCL3;CCL2;LGALS9;CD58;FCGR1A;GBP2;B2M;HLA-DQA2;HLA-DQA1;HLA-DPA1;HLA-DRB5;CCL20;HLA-B;HLA-C;HLA-E;HLA-DPB1;HLA-DRA;IRF6;TDGF1;HLA-DRB1;HLA-DQB2;HLA-DQB1;TLR2
GO_Biological_Process_2021	inflammatory response (GO:0006954)	42/230	2.3995498778518496e-13	1.101393393933999e-10	0	0	4.386931994847422	127.47689583488724	PTGER4;CSF1R;IL1RN;CIITA;CXCL8;C5AR2;C5AR1;ITGB2;FPR1;CXCR4;FPR3;AIF1;TNF;PRDX5;CCL8;CCL5;CCRL2;CCL4;C3AR1;CCL3;OLR1;NLRP3;CCL2;LGALS9;CD14;PTGDR;CCR1;CCL20;SLC11A1;IL18;CYBB;CYBA;LYZ;NFKB1;TLR1;TMIGD3;IL1A;IL1B;IL2RA;REL;FCGR2B;TLR2
GO_Biological_Process_2021	cellular response to cytokine stimulus (GO:0071345)	62/482	7.917171434307157e-12	3.1797339773036117e-09	0	0	2.924053203370901	74.74461031114032	CD86;CDKN1A;IL1RN;CSF3R;CXCL8;CD80;DOCK8;ITGB2;IL5RA;CIB1;IL1RAP;TNF;MYLK3;ICAM1;PYCARD;ZC3H12A;ITGAX;LGALS9;CD36;JUNB;HLA-DPA1;IL10;DUSP1;MMP2;IL18;IL16;OPRM1;TNFRSF1B;IL1A;IL1B;HCLS1;TLR2;CSF1R;SELPLG;CEBPD;EBI3;TCF7;FPR1;CXCR4;PTGS2;AIF1;CSF2RA;CCL8;IRAK2;ALOX5;CCL5;CCL4;UBC;CCL3;HMOX1;CCL2;CD58;GBP2;CCR1;CCL20;OSM;NFKB1;CD4;IL2RA;MNDA;PTPN6;TDGF1
GO_Biological_Process_2021	cellular response to lipopolysaccharide (GO:0071222)	26/120	1.8211645938135902e-10	6.501557599914517e-08	0	0	5.368910830529948	120.40520626751687	CD86;CX3CR1;CXCL8;CD80;GSTP1;SERPINE1;TNFAIP3;TNF;PYCARD;CCL5;ZC3H12A;CCL3;NLRP3;CCL2;CD14;LYN;IL10;MEF2C;CD180;IL18;TNFRSF1B;NFKB1;IL1A;IL1B;CARD16;CD68
GO_Biological_Process_2021	interferon-gamma-mediated signaling pathway (GO:0060333)	19/68	5.250867935013213e-10	1.6871038675197457e-07	0	0	7.490669662360357	160.05656600193987	CIITA;HLA-DRB5;HLA-B;HLA-C;IFI30;ICAM1;HLA-E;HLA-DPB1;HLA-DRA;IRF6;FCGR1A;GBP2;B2M;HLA-DQA2;HLA-DQB2;HLA-DQA1;HLA-DRB1;HLA-DPA1;HLA-DQB1
